https://www.galgotiasuniversity.edu.in/public/uploads/media/DATESHEET%20OF%20END%20TERM%20EXAMINATION,%20ODD%20SEM%202025-26,%20JANUARY-%202026%20(Version%202.0).pdf	galgotias-clone/www.galgotiasuniversity.edu.in/public/uploads/media/DATESHEET%20OF%20END%20TERM%20EXAMINATION,%20ODD%20SEM%202025-26,%20JANUARY-%202026%20(Version%202.0).pdf
https://www.galgotiasuniversity.edu.in/public/uploads/media/ETE%20Practical%20Datesheet%20-Odd%20Semester%20-January%202026%20(Polytechnic).pdf	galgotias-clone/www.galgotiasuniversity.edu.in/public/uploads/media/ETE%20Practical%20Datesheet%20-Odd%20Semester%20-January%202026%20(Polytechnic).pdf
https://www.galgotiasuniversity.edu.in/public/uploads/media/Galgotia%20University%20Ph.D.%20ADMISSION%20Advt%20(1).pdf	galgotias-clone/www.galgotiasuniversity.edu.in/public/uploads/media/Galgotia%20University%20Ph.D.%20ADMISSION%20Advt%20(1).pdf
https://www.galgotiasuniversity.edu.in/public/uploads/media/updated-commencement-of-academic-session-2024-25.pdf	galgotias-clone/www.galgotiasuniversity.edu.in/public/uploads/media/updated-commencement-of-academic-session-2024-25.pdf
https://www.galgotiasuniversity.edu.in/public/uploads/media/Convocation%20List%202025%20for%20photograph.pdf	galgotias-clone/www.galgotiasuniversity.edu.in/public/uploads/media/Convocation%20List%202025%20for%20photograph.pdf
https://www.galgotiasuniversity.edu.in/public/uploads/media/zL2j8GyH1QXevumf8cs1aWWGIwXfs4Erl2W8zTwF.webp	galgotias-clone/www.galgotiasuniversity.edu.in/public/uploads/media/zL2j8GyH1QXevumf8cs1aWWGIwXfs4Erl2W8zTwF.webp
https://www.galgotiasuniversity.edu.in/public/uploads/media/zIaRcLbGmt6XTpr2oOlDxab5VkT0iTaeuSW21hFF.webp	galgotias-clone/www.galgotiasuniversity.edu.in/public/uploads/media/zIaRcLbGmt6XTpr2oOlDxab5VkT0iTaeuSW21hFF.webp
https://www.galgotiasuniversity.edu.in/public/uploads/media/z8kzsOUDzd2HNj6DICgiC221MDC4sASjQ2MOCVY5.webp	galgotias-clone/www.galgotiasuniversity.edu.in/public/uploads/media/z8kzsOUDzd2HNj6DICgiC221MDC4sASjQ2MOCVY5.webp
https://www.galgotiasuniversity.edu.in/public/uploads/media/xmnUnVXJs6RIyKqhEHLqYLs9FsvYk0kdbkNsKc6q.webp	galgotias-clone/www.galgotiasuniversity.edu.in/public/uploads/media/xmnUnVXJs6RIyKqhEHLqYLs9FsvYk0kdbkNsKc6q.webp
https://www.galgotiasuniversity.edu.in/public/uploads/media/wrXRLdxomWqmUO1Jcf37UIKvPUMctvOPCTIePhdS.webp	galgotias-clone/www.galgotiasuniversity.edu.in/public/uploads/media/wrXRLdxomWqmUO1Jcf37UIKvPUMctvOPCTIePhdS.webp
https://www.galgotiasuniversity.edu.in/public/uploads/media/wB22AWgZJubrFSDOnchCBBXRbw68k4xr0dGTWPwC.webp	galgotias-clone/www.galgotiasuniversity.edu.in/public/uploads/media/wB22AWgZJubrFSDOnchCBBXRbw68k4xr0dGTWPwC.webp
https://www.galgotiasuniversity.edu.in/public/uploads/media/vBsH1aE6G07ipyJV4O12CqXlS78NYxdrcpS3cDzK.webp	galgotias-clone/www.galgotiasuniversity.edu.in/public/uploads/media/vBsH1aE6G07ipyJV4O12CqXlS78NYxdrcpS3cDzK.webp
https://www.galgotiasuniversity.edu.in/public/uploads/media/m8N7vpFDBe05lwK9107YEJQWqzxDccGiOl9vKqLZ.webp	galgotias-clone/www.galgotiasuniversity.edu.in/public/uploads/media/m8N7vpFDBe05lwK9107YEJQWqzxDccGiOl9vKqLZ.webp
https://www.galgotiasuniversity.edu.in/public/uploads/media/jA4crD72Hwtxea0ma328lHVllXLNtAbsLrCXYQo6.webp	galgotias-clone/www.galgotiasuniversity.edu.in/public/uploads/media/jA4crD72Hwtxea0ma328lHVllXLNtAbsLrCXYQo6.webp
https://www.galgotiasuniversity.edu.in/public/uploads/media/iSz5Fs1gpNdAcvS0GfLV6gmdfVGLkDCY4XDSVeyM.webp	galgotias-clone/www.galgotiasuniversity.edu.in/public/uploads/media/iSz5Fs1gpNdAcvS0GfLV6gmdfVGLkDCY4XDSVeyM.webp
https://www.galgotiasuniversity.edu.in/public/uploads/media/gi7SDkgsSqFzPdfMldjbDuP0uu1KypAKQjUrOXQa.webp	galgotias-clone/www.galgotiasuniversity.edu.in/public/uploads/media/gi7SDkgsSqFzPdfMldjbDuP0uu1KypAKQjUrOXQa.webp
https://www.galgotiasuniversity.edu.in/public/uploads/media/gebwtmKTWShoUOmhvrIlba967AjN6GlIBogunFJG.webp	galgotias-clone/www.galgotiasuniversity.edu.in/public/uploads/media/gebwtmKTWShoUOmhvrIlba967AjN6GlIBogunFJG.webp
https://www.galgotiasuniversity.edu.in/public/uploads/media/bJj0Q4tPisCjGnY0P05WGeTBYhi65oUw9qkqAjZX.webp	galgotias-clone/www.galgotiasuniversity.edu.in/public/uploads/media/bJj0Q4tPisCjGnY0P05WGeTBYhi65oUw9qkqAjZX.webp
https://www.galgotiasuniversity.edu.in/public/uploads/media/UETA9K6iiVTvhyiH02bVPZnTYWev0bIoGUBF8mUb.webp	galgotias-clone/www.galgotiasuniversity.edu.in/public/uploads/media/UETA9K6iiVTvhyiH02bVPZnTYWev0bIoGUBF8mUb.webp
https://www.galgotiasuniversity.edu.in/public/uploads/media/Njs5ZtpI7fj226NqPiVkA4JNbD1zkvc0mJnwyYG2.webp	galgotias-clone/www.galgotiasuniversity.edu.in/public/uploads/media/Njs5ZtpI7fj226NqPiVkA4JNbD1zkvc0mJnwyYG2.webp
https://www.galgotiasuniversity.edu.in/public/uploads/media/M4VOWVTEmrurE58KuJK59buINWrZEDbRAxejJVhx.webp	galgotias-clone/www.galgotiasuniversity.edu.in/public/uploads/media/M4VOWVTEmrurE58KuJK59buINWrZEDbRAxejJVhx.webp
https://www.galgotiasuniversity.edu.in/public/uploads/media/LwqxnS5jlSWuIcBVBEq4F4awMepD0RK6NJVEjHst.webp	galgotias-clone/www.galgotiasuniversity.edu.in/public/uploads/media/LwqxnS5jlSWuIcBVBEq4F4awMepD0RK6NJVEjHst.webp
https://www.galgotiasuniversity.edu.in/public/uploads/media/DEBjSWzHrz4zF8hnlC6ccCqamEFkZYmCiLGVA1VD.webp	galgotias-clone/www.galgotiasuniversity.edu.in/public/uploads/media/DEBjSWzHrz4zF8hnlC6ccCqamEFkZYmCiLGVA1VD.webp
https://www.galgotiasuniversity.edu.in/public/uploads/media/92btEi1A99Sg6P4KB1f9GxqUjfQTGbMGzTAoZUaf.webp	galgotias-clone/www.galgotiasuniversity.edu.in/public/uploads/media/92btEi1A99Sg6P4KB1f9GxqUjfQTGbMGzTAoZUaf.webp
https://www.galgotiasuniversity.edu.in/public/uploads/media/6uBolPQ4tVKMosbhXiQL50OgWZH1XA3tV6rakBJf.webp	galgotias-clone/www.galgotiasuniversity.edu.in/public/uploads/media/6uBolPQ4tVKMosbhXiQL50OgWZH1XA3tV6rakBJf.webp
https://www.galgotiasuniversity.edu.in/public/uploads/media/4OoYyuXQPnv7UqQT8J1xSiHsSmEVKwWSubGODaOS.webp	galgotias-clone/www.galgotiasuniversity.edu.in/public/uploads/media/4OoYyuXQPnv7UqQT8J1xSiHsSmEVKwWSubGODaOS.webp
https://www.galgotiasuniversity.edu.in/public/uploads/media/zol9ywRjF6T5Lc2ObHzHw0WjxlzFSGNDx0DrpvWy.pdf	galgotias-clone/www.galgotiasuniversity.edu.in/public/uploads/media/zol9ywRjF6T5Lc2ObHzHw0WjxlzFSGNDx0DrpvWy.pdf
https://www.galgotiasuniversity.edu.in/public/uploads/media/weRiEE4ETbVxVFk2TA5qqbb7k7tGs3T3Z3PS0aTb.pdf	galgotias-clone/www.galgotiasuniversity.edu.in/public/uploads/media/weRiEE4ETbVxVFk2TA5qqbb7k7tGs3T3Z3PS0aTb.pdf
https://www.galgotiasuniversity.edu.in/public/uploads/media/pOxpPqTyN203eP5lsrUeb1VEdjUybNbtWzCGwD51.pdf	galgotias-clone/www.galgotiasuniversity.edu.in/public/uploads/media/pOxpPqTyN203eP5lsrUeb1VEdjUybNbtWzCGwD51.pdf
https://www.galgotiasuniversity.edu.in/public/uploads/media/oMrkYcE414kkhj7rI03Ik3Ufhqju9AsEzhcRgG6P.pdf	galgotias-clone/www.galgotiasuniversity.edu.in/public/uploads/media/oMrkYcE414kkhj7rI03Ik3Ufhqju9AsEzhcRgG6P.pdf
https://www.galgotiasuniversity.edu.in/public/uploads/media/kwA4RbtK67RjXBOT498QiKIcNEOrR1N6g4Aqmar9.pdf	galgotias-clone/www.galgotiasuniversity.edu.in/public/uploads/media/kwA4RbtK67RjXBOT498QiKIcNEOrR1N6g4Aqmar9.pdf
https://www.galgotiasuniversity.edu.in/public/uploads/media/j1T6XB2k2Jc6C2skNf4DfpIJ7FJ8gQqzwvd9qOGf.pdf	galgotias-clone/www.galgotiasuniversity.edu.in/public/uploads/media/j1T6XB2k2Jc6C2skNf4DfpIJ7FJ8gQqzwvd9qOGf.pdf
https://www.galgotiasuniversity.edu.in/public/uploads/media/h42KhkPZIwhMa9X7RSsQHhG8bXVEP4UuXyQo4tHX.png	galgotias-clone/www.galgotiasuniversity.edu.in/public/uploads/media/h42KhkPZIwhMa9X7RSsQHhG8bXVEP4UuXyQo4tHX.png
https://www.galgotiasuniversity.edu.in/public/uploads/media/duYqusxDstiTuUeaOcQx3KW08Zda0YtmtVBH9ePP.png	galgotias-clone/www.galgotiasuniversity.edu.in/public/uploads/media/duYqusxDstiTuUeaOcQx3KW08Zda0YtmtVBH9ePP.png
https://www.galgotiasuniversity.edu.in/public/uploads/media/dR8hgcXIgQGJSzFh3waS6Uu4vfzMeYjbQCtWDUVQ.pdf	galgotias-clone/www.galgotiasuniversity.edu.in/public/uploads/media/dR8hgcXIgQGJSzFh3waS6Uu4vfzMeYjbQCtWDUVQ.pdf
https://www.galgotiasuniversity.edu.in/public/uploads/media/d96WqklJiXWUQOorH14QdbrQbWBkVny0EiQpPlaS.pdf	galgotias-clone/www.galgotiasuniversity.edu.in/public/uploads/media/d96WqklJiXWUQOorH14QdbrQbWBkVny0EiQpPlaS.pdf
https://www.galgotiasuniversity.edu.in/public/uploads/media/cYk9q7VbTBjzuAVfPBGbvY8PgaCSN0YOsMvtrbPK.png	galgotias-clone/www.galgotiasuniversity.edu.in/public/uploads/media/cYk9q7VbTBjzuAVfPBGbvY8PgaCSN0YOsMvtrbPK.png
https://www.galgotiasuniversity.edu.in/public/uploads/media/XXZOmOTUD2TqRF68yhdw5JTyOzVMhe4kqEHGzshG.png	galgotias-clone/www.galgotiasuniversity.edu.in/public/uploads/media/XXZOmOTUD2TqRF68yhdw5JTyOzVMhe4kqEHGzshG.png
https://www.galgotiasuniversity.edu.in/public/uploads/media/RVEGqXiWwqNskRryShdUVDKaL2TB6cOhP0MsFjoG.pdf	galgotias-clone/www.galgotiasuniversity.edu.in/public/uploads/media/RVEGqXiWwqNskRryShdUVDKaL2TB6cOhP0MsFjoG.pdf
https://www.galgotiasuniversity.edu.in/public/uploads/media/QeD0Hf3IgFnNeSAkf25wbfRtUwJJScPeSthwFezw.pdf	galgotias-clone/www.galgotiasuniversity.edu.in/public/uploads/media/QeD0Hf3IgFnNeSAkf25wbfRtUwJJScPeSthwFezw.pdf
https://www.galgotiasuniversity.edu.in/public/uploads/media/QTMRVE2p2ESUcuqLIumE4wZjNrb0UudSoTWZPDZx.pdf	galgotias-clone/www.galgotiasuniversity.edu.in/public/uploads/media/QTMRVE2p2ESUcuqLIumE4wZjNrb0UudSoTWZPDZx.pdf
https://www.galgotiasuniversity.edu.in/public/uploads/media/PSf8vV9pdHjUb5MhnGpG1hiiJ9Y0c8YYgSAk54Q3.png	galgotias-clone/www.galgotiasuniversity.edu.in/public/uploads/media/PSf8vV9pdHjUb5MhnGpG1hiiJ9Y0c8YYgSAk54Q3.png
https://www.galgotiasuniversity.edu.in/public/uploads/media/Nk9odj6OuPOtTUdspVskgMQwN9xHJmeLzim6BlOJ.jpg	galgotias-clone/www.galgotiasuniversity.edu.in/public/uploads/media/Nk9odj6OuPOtTUdspVskgMQwN9xHJmeLzim6BlOJ.jpg
https://www.galgotiasuniversity.edu.in/public/uploads/media/NbS6067oVw5aTStiYrc17LoxclzMv8TnThP3qpD5.pdf	galgotias-clone/www.galgotiasuniversity.edu.in/public/uploads/media/NbS6067oVw5aTStiYrc17LoxclzMv8TnThP3qpD5.pdf
https://www.galgotiasuniversity.edu.in/public/uploads/media/JqPlmnSAW6RkZHPjChQ1C5zV8rhEdI0zWxzFINzJ.pdf	galgotias-clone/www.galgotiasuniversity.edu.in/public/uploads/media/JqPlmnSAW6RkZHPjChQ1C5zV8rhEdI0zWxzFINzJ.pdf
https://www.galgotiasuniversity.edu.in/public/uploads/media/HaYAwHb4i1MaaOPvNBOcnclinsgH6z95mGvLEITE.pdf	galgotias-clone/www.galgotiasuniversity.edu.in/public/uploads/media/HaYAwHb4i1MaaOPvNBOcnclinsgH6z95mGvLEITE.pdf
https://www.galgotiasuniversity.edu.in/public/uploads/media/D3jrqSn8x8DCqMQAgXQjfbFBO0TO4eeqRohJ0zsf.pdf	galgotias-clone/www.galgotiasuniversity.edu.in/public/uploads/media/D3jrqSn8x8DCqMQAgXQjfbFBO0TO4eeqRohJ0zsf.pdf
https://www.galgotiasuniversity.edu.in/public/uploads/media/CbqjfbDzoDlCzEFh9Bn0Iipena8yJtqnmA1dhef8.pdf	galgotias-clone/www.galgotiasuniversity.edu.in/public/uploads/media/CbqjfbDzoDlCzEFh9Bn0Iipena8yJtqnmA1dhef8.pdf
https://www.galgotiasuniversity.edu.in/public/uploads/media/BKMPSbZfnv1pSEwucUs1NzVglayVDHhqrYQR16CP.pdf	galgotias-clone/www.galgotiasuniversity.edu.in/public/uploads/media/BKMPSbZfnv1pSEwucUs1NzVglayVDHhqrYQR16CP.pdf
https://www.galgotiasuniversity.edu.in/public/uploads/media/6nEZgXfZAHbEKIvU1aAKQW4DT3BzKust4penCoJZ.png	galgotias-clone/www.galgotiasuniversity.edu.in/public/uploads/media/6nEZgXfZAHbEKIvU1aAKQW4DT3BzKust4penCoJZ.png
https://www.galgotiasuniversity.edu.in/public/uploads/media/68vdyUUdV3HwiyWQ7zRZXhGw4CupJEr99rzVHbsL.pdf	galgotias-clone/www.galgotiasuniversity.edu.in/public/uploads/media/68vdyUUdV3HwiyWQ7zRZXhGw4CupJEr99rzVHbsL.pdf
https://www.galgotiasuniversity.edu.in/public/uploads/media/5cgCOZI6GhwQepFh3nzr0jMG3La5Hw2pclG8TxnH.pdf	galgotias-clone/www.galgotiasuniversity.edu.in/public/uploads/media/5cgCOZI6GhwQepFh3nzr0jMG3La5Hw2pclG8TxnH.pdf
https://www.galgotiasuniversity.edu.in/public/uploads/media/5MLA1fbkQXU4ywckYrNfYg6qtj4AXqmbqe2Zv3Fy.pdf	galgotias-clone/www.galgotiasuniversity.edu.in/public/uploads/media/5MLA1fbkQXU4ywckYrNfYg6qtj4AXqmbqe2Zv3Fy.pdf
https://www.galgotiasuniversity.edu.in/public/uploads/media/23JsZlSHNScUAPr8ruHPTiGbA1hvPh4wClWd5gaU.pdf	galgotias-clone/www.galgotiasuniversity.edu.in/public/uploads/media/23JsZlSHNScUAPr8ruHPTiGbA1hvPh4wClWd5gaU.pdf
https://www.galgotiasuniversity.edu.in/public/uploads/media/1Hc1hlEgEAPWmEt9qbfDuOxlEnLlmzFedKMaTcw2.jpg	galgotias-clone/www.galgotiasuniversity.edu.in/public/uploads/media/1Hc1hlEgEAPWmEt9qbfDuOxlEnLlmzFedKMaTcw2.jpg
https://cdnjs.cloudflare.com/ajax/libs/jquery.matchHeight/0.7.2/jquery.matchHeight-min.js	galgotias-clone/cdnjs.cloudflare.com/ajax/libs/jquery.matchHeight/0.7.2/jquery.matchHeight-min.js
https://www.galgotiasuniversity.edu.in/public/frontend/assets/js/jquery.counterup.min.js	galgotias-clone/www.galgotiasuniversity.edu.in/public/frontend/assets/js/jquery.counterup.min.js
https://www.galgotiasuniversity.edu.in/public/frontend/assets/js/bootstrap.bundle.min.js	galgotias-clone/www.galgotiasuniversity.edu.in/public/frontend/assets/js/bootstrap.bundle.min.js
https://www.galgotiasuniversity.edu.in/public/frontend/assets/css/owl.theme.default.css	galgotias-clone/www.galgotiasuniversity.edu.in/public/frontend/assets/css/owl.theme.default.css
https://www.galgotiasuniversity.edu.in/public/frontend/assets/fonts/gotham-narrow.css	galgotias-clone/www.galgotiasuniversity.edu.in/public/frontend/assets/fonts/gotham-narrow.css
https://www.galgotiasuniversity.edu.in/public/frontend/assets/js/owl.carousel.min.js	galgotias-clone/www.galgotiasuniversity.edu.in/public/frontend/assets/js/owl.carousel.min.js
https://www.galgotiasuniversity.edu.in/public/frontend/images/placeholder-image.gif	galgotias-clone/www.galgotiasuniversity.edu.in/public/frontend/images/placeholder-image.gif
https://www.galgotiasuniversity.edu.in/public/frontend/assets/css/bootstrap.min.css	galgotias-clone/www.galgotiasuniversity.edu.in/public/frontend/assets/css/bootstrap.min.css
https://www.galgotiasuniversity.edu.in/public/frontend/assets/js/jquery-ui.min.css	galgotias-clone/www.galgotiasuniversity.edu.in/public/frontend/assets/js/jquery-ui.min.css
https://www.galgotiasuniversity.edu.in/public/frontend/assets/css/owl.carousel.css	galgotias-clone/www.galgotiasuniversity.edu.in/public/frontend/assets/css/owl.carousel.css
https://www.galgotiasuniversity.edu.in/public/frontend/assets/js/waypoints.min.js	galgotias-clone/www.galgotiasuniversity.edu.in/public/frontend/assets/js/waypoints.min.js
https://www.galgotiasuniversity.edu.in/public/frontend/assets/js/jquery-ui.min.js	galgotias-clone/www.galgotiasuniversity.edu.in/public/frontend/assets/js/jquery-ui.min.js
https://www.galgotiasuniversity.edu.in/public/frontend/video-main-thumbnail.webp	galgotias-clone/www.galgotiasuniversity.edu.in/public/frontend/video-main-thumbnail.webp
https://www.galgotiasuniversity.edu.in/public/uploads/images/creative_img9.webp	galgotias-clone/www.galgotiasuniversity.edu.in/public/uploads/images/creative_img9.webp
https://www.galgotiasuniversity.edu.in/public/uploads/images/creative_img8.webp	galgotias-clone/www.galgotiasuniversity.edu.in/public/uploads/images/creative_img8.webp
https://www.galgotiasuniversity.edu.in/public/uploads/images/creative_img7.webp	galgotias-clone/www.galgotiasuniversity.edu.in/public/uploads/images/creative_img7.webp
https://www.galgotiasuniversity.edu.in/public/uploads/images/creative_img6.webp	galgotias-clone/www.galgotiasuniversity.edu.in/public/uploads/images/creative_img6.webp
https://www.galgotiasuniversity.edu.in/public/uploads/images/creative_img5.webp	galgotias-clone/www.galgotiasuniversity.edu.in/public/uploads/images/creative_img5.webp
https://www.galgotiasuniversity.edu.in/public/uploads/images/creative_img4.webp	galgotias-clone/www.galgotiasuniversity.edu.in/public/uploads/images/creative_img4.webp
https://www.galgotiasuniversity.edu.in/public/uploads/images/creative_img3.webp	galgotias-clone/www.galgotiasuniversity.edu.in/public/uploads/images/creative_img3.webp
https://www.galgotiasuniversity.edu.in/public/uploads/images/creative_img2.webp	galgotias-clone/www.galgotiasuniversity.edu.in/public/uploads/images/creative_img2.webp
https://www.galgotiasuniversity.edu.in/public/frontend/videos/Websitevideo.mp4	galgotias-clone/www.galgotiasuniversity.edu.in/public/frontend/videos/Websitevideo.mp4
https://www.galgotiasuniversity.edu.in/public/frontend/images/placeholder.webp	galgotias-clone/www.galgotiasuniversity.edu.in/public/frontend/images/placeholder.webp
https://www.galgotiasuniversity.edu.in/public/frontend/assets/js/popper.min.js	galgotias-clone/www.galgotiasuniversity.edu.in/public/frontend/assets/js/popper.min.js
https://www.galgotiasuniversity.edu.in/public/frontend/assets/js/jquery.min.js	galgotias-clone/www.galgotiasuniversity.edu.in/public/frontend/assets/js/jquery.min.js
https://www.galgotiasuniversity.edu.in/public/frontend/assets/images/play.png	galgotias-clone/www.galgotiasuniversity.edu.in/public/frontend/assets/images/play.png
https://www.galgotiasuniversity.edu.in/public/frontend/assets/css/mystyle.css	galgotias-clone/www.galgotiasuniversity.edu.in/public/frontend/assets/css/mystyle.css
https://www.galgotiasuniversity.edu.in/public/frontend/assets/js/all.min.js	galgotias-clone/www.galgotiasuniversity.edu.in/public/frontend/assets/js/all.min.js
https://www.galgotiasuniversity.edu.in/public/frontend/assets/images/yt.png	galgotias-clone/www.galgotiasuniversity.edu.in/public/frontend/assets/images/yt.png
https://www.galgotiasuniversity.edu.in/public/frontend/assets/images/tw.png	galgotias-clone/www.galgotiasuniversity.edu.in/public/frontend/assets/images/tw.png
https://www.galgotiasuniversity.edu.in/public/frontend/assets/images/li.png	galgotias-clone/www.galgotiasuniversity.edu.in/public/frontend/assets/images/li.png
https://www.galgotiasuniversity.edu.in/public/frontend/assets/images/fb.png	galgotias-clone/www.galgotiasuniversity.edu.in/public/frontend/assets/images/fb.png
https://www.galgotiasuniversity.edu.in/public/frontend/assets/images/In.png	galgotias-clone/www.galgotiasuniversity.edu.in/public/frontend/assets/images/In.png
https://www.galgotiasuniversity.edu.in/public/frontend/assets/css/style.css	galgotias-clone/www.galgotiasuniversity.edu.in/public/frontend/assets/css/style.css
https://cdnjs.cloudflare.com/ajax/libs/font-awesome/6.1.1/css/all.min.css	galgotias-clone/cdnjs.cloudflare.com/ajax/libs/font-awesome/6.1.1/css/all.min.css
https://www.galgotiasuniversity.edu.in/public/frontend/assets/js/wpds.js	galgotias-clone/www.galgotiasuniversity.edu.in/public/frontend/assets/js/wpds.js
https://www.galgotiasuniversity.edu.in/public/frontend/assets/js/main.js	galgotias-clone/www.galgotiasuniversity.edu.in/public/frontend/assets/js/main.js
https://widgets.nopaperforms.com/emwgts.js	galgotias-clone/widgets.nopaperforms.com/emwgts.js
https://track.nopaperforms.com/js/track.js	galgotias-clone/track.nopaperforms.com/js/track.js
https://js.adsrvr.org/up_loader.1.1.0.js	galgotias-clone/js.adsrvr.org/up_loader.1.1.0.js
https://www.galgotiasuniversity.edu.in	galgotias-clone/www.galgotiasuniversity.edu.in/index.html
